Date,Actual,Predicted
2015-09-15,4860.52,4711.017
2015-09-16,4889.24,4736.301
2015-09-17,4893.95,4764.8335
2015-09-18,4827.23,4786.935
2015-09-21,4828.95,4777.721
2015-09-22,4756.72,4763.7495
2015-09-23,4752.74,4724.587
2015-09-24,4734.48,4688.676
2015-09-25,4686.5,4655.6973
2015-09-28,4543.97,4617.131
2015-09-29,4517.32,4541.639
2015-09-30,4620.16,4473.0176
2015-10-01,4627.08,4460.1963
2015-10-02,4707.78,4467.168
2015-10-05,4781.26,4510.593
2015-10-06,4748.36,4578.7207
2015-10-07,4791.15,4625.19
2015-10-08,4810.79,4670.738
2015-10-09,4830.47,4707.0273
2015-10-12,4838.64,4734.878
2015-10-13,4796.61,4752.399
2015-10-14,4782.85,4745.1562
2015-10-15,4870.1,4727.341
2015-10-16,4886.69,4738.8833
2015-10-19,4905.47,4756.583
2015-10-20,4880.97,4778.3564
2015-10-21,4840.12,4787.084
2015-10-22,4920.05,4776.817
2015-10-23,5031.86,4791.566
2015-10-26,5034.7,4843.0557
2015-10-27,5030.15,4888.844
2015-10-28,5095.69,4920.976
2015-10-29,5074.27,4962.5654
2015-10-30,5053.75,4983.949
2015-11-02,5127.15,4986.4243
2015-11-03,5145.13,5006.164
2015-11-04,5142.48,5026.3857
2015-11-05,5127.74,5039.4233
2015-11-06,5147.120000000001,5041.4443
2015-11-09,5095.3,5045.9077
2015-11-10,5083.24,5030.111
2015-11-11,5067.02,5010.04
2015-11-12,5005.08,4987.6333
2015-11-13,4927.88,4949.491
2015-11-16,4984.62,4893.13
2015-11-17,4986.02,4868.6987
2015-11-18,5075.2,4858.167
2015-11-19,5073.64,4887.762
2015-11-20,5104.92,4919.705
2015-11-23,5102.48,4958.094
2015-11-24,5102.81,4987.1704
2015-11-25,5116.14,5006.071
2015-11-26,5116.14,5020.1553
2015-11-27,5127.52,5026.739
2015-11-30,5108.67,5031.7383
2015-12-01,5156.310000000001,5026.6357
2015-12-02,5123.22,5036.147
2015-12-03,5037.53,5033.2085
2015-12-04,5142.27,4999.8647
2015-12-07,5101.81,5005.103
2015-12-08,5098.24,5000.4595
2015-12-09,5022.87,4996.458
2015-12-10,5045.17,4968.349
2015-12-11,4933.47,4951.551
2015-12-14,4952.23,4902.3975
2015-12-15,4995.360000000001,4868.402
2015-12-16,5071.13,4860.928
2015-12-17,5002.549999999999,4888.825
2015-12-18,4923.08,4896.0176
2015-12-21,4968.92,4874.1016
2015-12-22,5001.11,4868.1577
2015-12-23,5045.93,4875.8574
2015-12-24,5048.49,4899.992
2015-12-25,5048.49,4922.6416
2015-12-28,5040.99,4939.8794
2015-12-29,5107.94,4948.294
2015-12-30,5065.85,4974.2324
2015-12-31,5007.41,4980.11
2016-01-04,4903.09,4960.383
2016-01-05,4891.429999999999,4903.5034
2016-01-06,4835.76,4848.927
2016-01-07,4689.43,4788.5312
2016-01-08,4643.63,4695.008
2016-01-11,4637.99,4607.9272
2016-01-12,4685.92,4545.9653
2016-01-13,4526.06,4526.8965
2016-01-14,4615.0,4473.3657
2016-01-15,4488.42,4466.3447
2016-01-19,4476.949999999999,4429.2935
2016-01-20,4471.69,4398.507
2016-01-21,4472.06,4376.787
2016-01-22,4591.18,4365.0996
2016-01-25,4518.49,4401.7905
2016-01-26,4567.67,4415.098
2016-01-27,4468.17,4441.245
2016-01-28,4506.68,4427.848
2016-01-29,4613.95,4423.6587
2016-02-01,4620.37,4455.764
2016-02-02,4516.95,4487.419
2016-02-03,4504.24,4476.704
2016-02-04,4509.56,4456.2544
2016-02-05,4363.14,4437.825
2016-02-08,4283.75,4373.0913
2016-02-09,4268.76,4290.551
2016-02-10,4283.59,4220.7236
2016-02-11,4266.84,4178.429
2016-02-12,4337.51,4151.505
2016-02-16,4435.96,4165.0547
2016-02-17,4534.06,4221.258
2016-02-18,4487.54,4308.8696
2016-02-19,4504.43,4366.441
2016-02-22,4570.61,4409.5903
2016-02-23,4503.58,4456.3057
2016-02-24,4542.61,4462.824
2016-02-25,4582.2,4469.4624
2016-02-26,4590.47,4482.1274
2016-02-29,4557.95,4492.349
2016-03-01,4689.6,4486.9746
2016-03-02,4703.42,4524.0566
2016-03-03,4707.42,4561.909
2016-03-04,4717.02,4592.458
2016-03-07,4708.25,4615.893
2016-03-08,4648.82,4626.4326
2016-03-09,4674.38,4608.7856
2016-03-10,4662.16,4596.6885
2016-03-11,4748.47,4581.6377
2016-03-14,4750.28,4599.1953
2016-03-15,4728.67,4618.7397
2016-03-16,4763.97,4628.2593
2016-03-17,4774.99,4645.9517
2016-03-18,4795.65,4663.1074
2016-03-21,4808.87,4682.0767
2016-03-22,4821.659999999999,4699.7573
2016-03-23,4768.86,4715.716
2016-03-24,4773.5,4707.64
2016-03-28,4766.79,4697.5576
2016-03-29,4846.62,4685.1465
2016-03-30,4869.29,4702.0884
2016-03-31,4869.85,4727.4272
2016-04-01,4914.539999999999,4749.5186
2016-04-04,4891.8,4780.9253
2016-04-05,4843.93,4796.833
2016-04-06,4920.72,4788.352
2016-04-07,4848.37,4801.5464
2016-04-08,4850.69,4787.4136
2016-04-11,4833.400000000001,4772.94
2016-04-12,4872.09,4754.6396
2016-04-13,4947.42,4753.613
2016-04-14,4945.89,4782.0957
2016-04-15,4938.22,4809.4204
2016-04-18,4960.02,4828.7505
2016-04-19,4940.33,4848.672
2016-04-20,4948.13,4854.978
2016-04-21,4945.89,4858.244
2016-04-22,4906.23,4857.1396
2016-04-25,4895.79,4840.5576
2016-04-26,4888.28,4821.109
2016-04-27,4863.14,4802.7407
2016-04-28,4805.29,4781.0444
2016-04-29,4775.36,4745.7974
2016-05-02,4817.59,4708.4927
2016-05-03,4763.22,4696.1494
2016-05-04,4725.64,4674.8267
2016-05-05,4717.09,4648.296
2016-05-06,4736.16,4626.828
2016-05-09,4750.21,4620.0103
2016-05-10,4809.88,4624.4375
2016-05-11,4760.6900000000005,4652.5195
2016-05-12,4737.33,4662.394
2016-05-13,4717.68,4660.1206
2016-05-16,4775.46,4648.3613
2016-05-17,4715.73,4656.236
2016-05-18,4739.12,4644.0347
2016-05-19,4712.53,4640.364
2016-05-20,4769.56,4629.319
2016-05-23,4765.78,4639.9224
2016-05-24,4861.0599999999995,4650.328
2016-05-25,4894.89,4691.901
2016-05-26,4901.77,4739.6553
2016-05-27,4933.5,4779.0435
2016-05-31,4948.05,4816.1357
2016-06-01,4952.25,4844.8955
2016-06-02,4971.36,4862.7217
2016-06-03,4942.52,4876.906
2016-06-06,4968.71,4873.4653
2016-06-07,4961.749999999999,4874.319
2016-06-08,4974.64,4870.875
2016-06-09,4958.62,4871.238
2016-06-10,4894.55,4866.2036
2016-06-13,4848.44,4839.7637
2016-06-14,4843.55,4800.663
2016-06-15,4834.93,4767.338
2016-06-16,4844.91,4741.283
2016-06-17,4800.34,4728.957
2016-06-20,4837.21,4709.8657
2016-06-21,4843.76,4710.255
2016-06-22,4833.32,4717.8755
2016-06-23,4910.04,4723.5684
2016-06-24,4707.98,4755.0205
2016-06-27,4594.44,4713.8276
2016-06-28,4691.87,4632.908
2016-06-29,4779.25,4595.822
2016-06-30,4842.67,4604.4517
2016-07-01,4862.57,4645.0747
2016-07-05,4822.899999999999,4693.025
2016-07-06,4859.16,4719.562
2016-07-07,4876.81,4747.8345
2016-07-08,4956.76,4771.953
2016-07-11,4988.64,4813.708
2016-07-12,5022.82,4855.7256
2016-07-13,5005.73,4896.704
2016-07-14,5034.06,4918.1797
2016-07-15,5029.590000000001,4937.117
2016-07-18,5055.78,4945.0225
2016-07-19,5036.37,4954.9473
2016-07-20,5089.93,4953.348
2016-07-21,5073.9,4967.038
2016-07-22,5100.16,4972.7837
2016-07-25,5097.63,4984.6094
2016-07-26,5110.05,4992.647
2016-07-27,5139.81,5001.685
2016-07-28,5154.98,5017.752
2016-07-29,5162.13,5035.268
2016-08-01,5184.2,5050.436
2016-08-02,5137.73,5067.919
2016-08-03,5159.74,5064.049
2016-08-04,5166.25,5063.8325
2016-08-05,5221.12,5064.3857
2016-08-08,5213.14,5083.0303
2016-08-09,5225.479999999999,5096.9517
2016-08-10,5204.58,5111.2153
2016-08-11,5228.4,5113.921
2016-08-12,5232.89,5121.11
2016-08-15,5262.02,5127.199
2016-08-16,5227.11,5140.803
2016-08-17,5228.66,5139.5283
2016-08-18,5240.15,5136.2544
2016-08-19,5238.38,5136.138
2016-08-22,5244.6,5135.3804
2016-08-23,5260.08,5136.8423
2016-08-24,5217.69,5143.6
2016-08-25,5212.2,5135.125
2016-08-26,5218.92,5124.58
2016-08-29,5232.33,5117.9775
2016-08-30,5222.99,5118.3286
2016-08-31,5213.22,5117.213
2016-09-01,5227.21,5113.6377
2016-09-02,5249.899999999999,5115.694
2016-09-06,5275.91,5126.0566
2016-09-07,5283.93,5144.4717
2016-09-08,5259.479999999999,5162.6064
2016-09-09,5125.91,5167.585
2016-09-12,5211.89,5122.425
2016-09-13,5155.25,5108.161
2016-09-14,5173.77,5080.6846
2016-09-15,5249.69,5066.355
2016-09-16,5244.57,5085.0884
2016-09-19,5235.03,5105.1196
2016-09-20,5241.35,5119.8174
2016-09-21,5295.18,5132.4707
2016-09-22,5339.520000000001,5158.9927
2016-09-23,5305.75,5194.932
2016-09-26,5257.49,5210.853
2016-09-27,5305.71,5201.443
2016-09-28,5318.55,5203.6885
2016-09-29,5269.15,5208.701
2016-09-30,5312.0,5195.426
2016-10-03,5300.87,5196.923
2016-10-04,5289.66,5195.7886
2016-10-05,5316.02,5191.397
2016-10-06,5306.85,5196.829
2016-10-07,5292.399999999999,5199.437
2016-10-10,5328.67,5196.512
2016-10-11,5246.79,5205.685
2016-10-12,5239.02,5186.144
2016-10-13,5213.33,5164.516
2016-10-14,5214.16,5138.1104
2016-10-17,5199.820000000001,5118.329
2016-10-18,5243.84,5100.909
2016-10-19,5246.41,5105.429
2016-10-20,5241.83,5115.3164
2016-10-21,5257.4,5124.484
2016-10-24,5309.83,5137.625
2016-10-25,5283.4,5165.976
2016-10-26,5250.27,5180.1577
2016-10-27,5215.969999999999,5176.643
2016-10-28,5190.1,5157.3374
2016-10-31,5189.13,5129.2827
2016-11-01,5153.58,5105.287
2016-11-02,5105.57,5076.0195
2016-11-03,5058.41,5038.514
2016-11-04,5046.37,4994.9033
2016-11-07,5166.17,4959.366
2016-11-08,5193.49,4977.8423
2016-11-09,5251.07,5013.5254
2016-11-10,5208.8,5067.7026
2016-11-11,5237.11,5098.583
2016-11-14,5218.4,5127.039
2016-11-15,5275.62,5137.793
2016-11-16,5294.58,5159.082
2016-11-17,5333.97,5179.634
2016-11-18,5321.51,5206.4375
2016-11-21,5368.86,5221.248
2016-11-22,5386.35,5244.812
2016-11-23,5380.68,5267.368
2016-11-25,5398.92,5280.4756
2016-11-28,5368.8099999999995,5292.9985
2016-11-29,5379.92,5289.63
2016-11-30,5323.68,5286.5728
2016-12-01,5251.11,5263.2144
2016-12-02,5255.65,5216.942
2016-12-05,5308.89,5179.483
2016-12-06,5333.0,5171.382
2016-12-07,5393.76,5181.0903
2016-12-08,5417.36,5216.105
2016-12-09,5444.5,5257.3066
2016-12-12,5412.54,5299.928
2016-12-13,5463.83,5320.122
2016-12-14,5436.67,5346.577
2016-12-15,5456.85,5354.0366
2016-12-16,5437.16,5360.684
2016-12-19,5457.44,5355.643
2016-12-20,5483.94,5355.088
2016-12-21,5471.429999999999,5363.0
2016-12-22,5447.42,5365.7544
2016-12-23,5462.69,5358.9443
2016-12-27,5487.44,5357.1045
2016-12-28,5438.56,5364.4346
2016-12-29,5432.09,5354.88
2016-12-30,5383.12,5343.2363
2017-01-03,5429.08,5316.791
2017-01-04,5477.0,5310.457
2017-01-05,5487.94,5325.635
2017-01-06,5521.06,5346.2573
2017-01-09,5531.82,5375.7817
2017-01-10,5551.82,5403.2563
2017-01-11,5563.65,5429.6216
2017-01-12,5547.49,5451.302
2017-01-13,5574.12,5458.86
2017-01-17,5538.73,5468.768
2017-01-18,5555.65,5461.7407
2017-01-19,5540.08,5457.972
2017-01-20,5555.33,5448.6807
2017-01-23,5552.94,5445.765
2017-01-24,5600.96,5443.755
2017-01-25,5656.339999999999,5459.4976
2017-01-26,5655.18,5493.6113
2017-01-27,5660.78,5522.527
2017-01-30,5613.71,5545.3096
2017-01-31,5614.79,5543.3516
2017-02-01,5642.65,5535.7007
2017-02-02,5636.2,5535.5522
2017-02-03,5666.7699999999995,5532.987
2017-02-06,5663.55,5541.107
2017-02-07,5674.22,5547.771
2017-02-08,5682.45,5556.6157
2017-02-09,5715.18,5566.1807
2017-02-10,5734.13,5584.2925
2017-02-13,5763.96,5605.118
2017-02-14,5782.57,5630.809
2017-02-15,5819.44,5656.087
2017-02-16,5814.9,5686.0996
2017-02-17,5838.58,5705.749
2017-02-21,5865.95,5724.7754
2017-02-22,5860.63,5745.5024
2017-02-23,5835.51,5757.1455
2017-02-24,5845.31,5753.8
2017-02-27,5861.9,5750.0566
2017-02-28,5825.44,5750.905
2017-03-01,5904.03,5739.0503
2017-03-02,5861.22,5755.065
2017-03-03,5870.75,5756.5215
2017-03-06,5849.17,5759.7314
2017-03-07,5833.93,5754.396
2017-03-08,5837.55,5743.4873
2017-03-09,5838.81,5735.1343
2017-03-10,5861.73,5729.613
2017-03-13,5875.78,5734.377
2017-03-14,5856.82,5745.2183
2017-03-15,5900.05,5748.7495
2017-03-16,5900.76,5765.399
2017-03-17,5901.0,5779.6426
2017-03-20,5901.53,5789.889
2017-03-21,5793.83,5796.1167
2017-03-22,5821.64,5761.9062
2017-03-23,5817.69,5738.081
2017-03-24,5828.74,5718.6284
2017-03-27,5840.37,5709.6895
2017-03-28,5875.14,5710.5815
2017-03-29,5897.55,5726.9497
2017-03-30,5914.34,5751.122
2017-03-31,5911.74,5777.421
2017-04-03,5894.68,5796.4414
2017-04-04,5898.61,5802.3823
2017-04-05,5864.48,5803.8906
2017-04-06,5878.95,5790.2393
2017-04-07,5877.81,5781.007
2017-04-10,5880.93,5773.2476
2017-04-11,5866.77,5769.051
2017-04-12,5836.16,5762.3213
2017-04-13,5805.15,5747.2153
2017-04-17,5856.79,5724.4927
2017-04-18,5849.47,5724.362
2017-04-19,5863.03,5726.167
2017-04-20,5916.78,5734.593
2017-04-21,5910.52,5761.404
2017-04-24,5983.819999999999,5782.8296
2017-04-25,6025.49,5823.4097
2017-04-26,6025.23,5869.761
2017-04-27,6048.94,5904.0156
2017-04-28,6047.61,5933.2954
2017-05-01,6091.6,5950.0645
2017-05-02,6095.37,5971.9824
2017-05-03,6072.55,5986.9653
2017-05-04,6075.34,5986.866
2017-05-05,6100.76,5982.9453
2017-05-08,6102.660000000001,5985.8784
2017-05-09,6120.59,5988.7354
2017-05-10,6129.14,5996.9263
2017-05-11,6115.96,6006.696
2017-05-12,6121.23,6009.6807
2017-05-15,6149.67,6012.224
2017-05-16,6169.87,6022.943
2017-05-17,6011.24,6038.661
2017-05-18,6055.13,5996.626
2017-05-19,6083.7,5970.416
2017-05-22,6133.62,5960.6465
2017-05-23,6138.71,5974.519
2017-05-24,6163.02,5992.946
2017-05-25,6205.26,6018.1304
2017-05-26,6210.19,6053.0586
2017-05-30,6203.1900000000005,6081.9116
2017-05-31,6198.52,6098.7974
2017-06-01,6246.83,6105.317
2017-06-02,6305.8,6122.092
2017-06-05,6295.680000000001,6153.9907
2017-06-06,6275.06,6175.5815
2017-06-07,6297.380000000001,6181.979
2017-06-08,6321.76,6189.627
2017-06-09,6207.92,6201.3477
2017-06-12,6175.46,6170.2173
2017-06-13,6220.37,6127.9106
2017-06-14,6194.89,6107.7383
2017-06-15,6165.5,6087.819
2017-06-16,6151.76,6065.822
2017-06-19,6239.01,6046.7173
2017-06-20,6188.03,6064.9404
2017-06-21,6233.949999999999,6069.307
2017-06-22,6236.69,6089.082
2017-06-23,6265.25,6107.3916
2017-06-26,6247.15,6130.842
2017-06-27,6146.62,6142.0205
2017-06-28,6234.409999999999,6112.602
2017-06-29,6144.35,6112.0205
2017-06-30,6140.42,6082.6846
2017-07-03,6110.06,6055.789
2017-07-05,6150.86,6025.4663
2017-07-06,6089.46,6017.7393
2017-07-07,6153.08,5996.55
2017-07-10,6176.39,6003.4585
2017-07-11,6193.3,6022.6753
2017-07-12,6261.17,6047.32
2017-07-13,6274.44,6091.0107
2017-07-14,6312.47,6130.9736
2017-07-17,6314.43,6172.3496
2017-07-18,6344.31,6201.368
2017-07-19,6385.04,6227.9673
2017-07-20,6390.0,6257.461
2017-07-21,6387.75,6278.2734
2017-07-24,6410.81,6288.8184
2017-07-25,6412.17,6299.939
2017-07-26,6422.75,6306.1206
2017-07-27,6382.19,6311.8345
2017-07-28,6374.68,6300.597
2017-07-31,6348.12,6285.901
2017-08-01,6362.94,6264.05
2017-08-02,6362.65,6251.5933
2017-08-03,6340.34,6244.2554
2017-08-04,6351.56,6233.5933
2017-08-07,6383.77,6230.4814
2017-08-08,6370.46,6241.468
2017-08-09,6352.33,6248.628
2017-08-10,6216.87,6248.2393
2017-08-11,6256.56,6200.073
2017-08-14,6340.23,6169.307
2017-08-15,6333.01,6176.298
2017-08-16,6345.11,6187.3555
2017-08-17,6221.91,6204.057
2017-08-18,6216.53,6176.6313
2017-08-21,6213.13,6147.3916
2017-08-22,6297.48,6122.1426
2017-08-23,6278.41,6133.2964
2017-08-24,6271.33,6142.7866
2017-08-25,6265.64,6150.288
2017-08-28,6283.02,6154.4487
2017-08-29,6301.89,6162.806
2017-08-30,6368.31,6175.628
2017-08-31,6428.66,6208.348
2017-09-01,6435.33,6256.2607
2017-09-05,6375.57,6296.464
2017-09-06,6393.31,6303.3076
2017-09-07,6397.87,6305.7935
2017-09-08,6360.19,6304.0166
2017-09-11,6432.26,6286.4883
2017-09-12,6454.28,6294.127
2017-09-13,6460.19,6310.5166
2017-09-14,6429.08,6327.404
2017-09-15,6448.47,6329.868
2017-09-18,6454.64,6335.442
2017-09-19,6461.32,6340.6777
2017-09-20,6456.04,6346.047
2017-09-21,6422.69,6347.6123
2017-09-22,6426.92,6336.1777
2017-09-25,6370.59,6326.36
2017-09-26,6380.16,6299.2285
2017-09-27,6453.26,6279.7275
2017-09-28,6453.45,6291.6934
2017-09-29,6495.96,6307.506
2017-10-02,6516.72,6337.212
2017-10-03,6531.71,6369.572
2017-10-04,6534.63,6399.256
2017-10-05,6585.36,6420.4893
2017-10-06,6590.18,6449.9624
2017-10-09,6579.73,6472.088
2017-10-10,6587.25,6481.6113
2017-10-11,6603.55,6486.5645
2017-10-12,6591.51,6492.438
2017-10-13,6605.8,6491.007
2017-10-16,6624.0,6492.606
2017-10-17,6623.66,6499.6006
2017-10-18,6624.22,6505.3354
2017-10-19,6605.07,6509.585
2017-10-20,6629.05,6505.557
2017-10-23,6586.83,6508.936
2017-10-24,6598.43,6497.4824
2017-10-25,6563.889999999999,6490.578
2017-10-26,6556.77,6473.761
2017-10-27,6701.26,6457.625
2017-10-30,6698.96,6495.6597
2017-10-31,6727.67,6533.136
2017-11-01,6716.53,6573.6934
2017-11-02,6714.94,6600.0327
2017-11-03,6764.44,6614.7217
2017-11-06,6786.44,6637.3765
2017-11-07,6767.78,6659.893
2017-11-08,6789.12,6668.219
2017-11-09,6750.05,6677.383
2017-11-10,6750.94,6668.468
2017-11-13,6757.6,6657.6523
2017-11-14,6737.87,6649.933
2017-11-15,6706.21,6637.567
2017-11-16,6793.29,6617.2065
2017-11-17,6782.79,6631.1724
2017-11-20,6790.71,6644.251
2017-11-21,6862.48,6658.8853
2017-11-22,6867.36,6695.08
2017-11-24,6889.16,6726.8257
2017-11-27,6878.52,6756.904
2017-11-28,6912.36,6773.2803
2017-11-29,6824.39,6792.2944
2017-11-30,6873.97,6773.561
2017-12-01,6847.59,6768.2876
2017-12-04,6775.37,6754.4824
2017-12-05,6762.21,6717.8867
2017-12-06,6776.38,6682.3896
2017-12-07,6812.84,6661.091
2017-12-08,6840.08,6662.006
2017-12-11,6875.08,6678.7993
2017-12-12,6862.32,6709.1025
2017-12-13,6875.8,6731.3877
2017-12-14,6856.53,6751.717
2017-12-15,6936.58,6758.329
2017-12-18,6994.76,6786.5776
2017-12-19,6963.849999999999,6828.8813
2017-12-20,6960.96,6851.2925
2017-12-21,6965.36,6862.372
2017-12-22,6959.96,6867.016
2017-12-26,6936.25,6864.6167
2017-12-27,6939.34,6851.433
2017-12-28,6950.16,6839.525
2017-12-29,6903.39,6833.796
2018-01-02,7006.9,6814.786
2018-01-03,7065.53,6835.0063
2018-01-04,7077.91,6877.0674
2018-01-05,7136.56,6918.487
2018-01-08,7157.39,6970.088
2018-01-09,7163.58,7015.5815
2018-01-10,7153.57,7047.9956
2018-01-11,7211.78,7062.5957
2018-01-12,7261.06,7086.113
2018-01-16,7223.69,7117.872
2018-01-17,7298.28,7127.6294
2018-01-18,7296.05,7154.9595
2018-01-19,7336.38,7174.381
2018-01-22,7408.03,7200.096
2018-01-23,7460.29,7242.801
2018-01-24,7415.06,7293.651
2018-01-25,7411.16,7315.724
2018-01-26,7505.77,7323.511
2018-01-29,7466.51,7355.027
2018-01-30,7402.48,7365.285
2018-01-31,7411.48,7346.02
2018-02-01,7385.86,7327.155
2018-02-02,7240.949999999999,7301.7646
2018-02-05,6967.53,7231.6924
2018-02-06,7115.88,7078.7144
2018-02-07,7051.98,7002.5776
2018-02-08,6777.16,6937.794
2018-02-09,6874.49,6807.217
2018-02-12,6981.96,6741.591
2018-02-13,7013.51,6745.859
2018-02-14,7143.62,6782.252
2018-02-15,7256.43,6869.6807
2018-02-16,7239.47,6987.479
2018-02-20,7234.31,7076.503
2018-02-21,7218.2300000000005,7133.7227
2018-02-22,7210.09,7157.6143
2018-02-23,7337.39,7158.004
2018-02-26,7421.46,7190.1562
2018-02-27,7330.35,7242.6567
2018-02-28,7273.01,7252.105
2018-03-01,7180.56,7230.646
2018-03-02,7257.87,7173.2
2018-03-05,7330.7,7147.6924
2018-03-06,7372.01,7157.503
2018-03-07,7396.65,7187.8975
2018-03-08,7427.95,7226.072
2018-03-09,7560.81,7268.4443
2018-03-12,7588.32,7346.0566
2018-03-13,7511.01,7417.0806
2018-03-14,7496.81,7440.2007
2018-03-15,7481.74,7439.6963
2018-03-16,7481.99,7423.0625
2018-03-19,7344.24,7402.98
2018-03-20,7364.3,7337.2515
2018-03-21,7345.29,7287.2065
2018-03-22,7166.680000000001,7245.486
2018-03-23,6992.67,7157.7847
2018-03-26,7220.54,7029.394
2018-03-27,7008.81,7008.38
2018-03-28,6949.23,6942.0474
2018-03-29,7063.44,6876.1846
2018-04-02,6870.120000000001,6871.5728
2018-04-03,6941.28,6817.26
2018-04-04,7042.11,6800.6533
2018-04-05,7076.55,6831.448
2018-04-06,6915.11,6878.7954
2018-04-09,6950.34,6865.5967
2018-04-10,7094.3,6858.845
2018-04-11,7069.03,6900.71
2018-04-12,7140.25,6930.2607
2018-04-13,7106.650000000001,6975.998
2018-04-16,7156.28,6999.3105
2018-04-17,7281.1,7028.186
2018-04-18,7295.24,7089.786
2018-04-19,7238.06,7143.127
2018-04-20,7146.13,7160.0347
2018-04-23,7128.6,7130.898
2018-04-24,7007.35,7089.9546
2018-04-25,7003.74,7010.939
2018-04-26,7118.68,6943.5156
2018-04-27,7119.8,6935.21
2018-04-30,7066.27,6943.613
2018-05-01,7130.7,6941.42
2018-05-02,7100.9,6964.465
2018-05-03,7088.15,6976.7847
2018-05-04,7209.62,6981.2183
2018-05-07,7265.209999999999,7024.205
2018-05-08,7266.9,7080.386
2018-05-09,7339.91,7125.2217
2018-05-10,7404.97,7180.2886
2018-05-11,7402.88,7241.54
2018-05-14,7411.32,7283.7563
2018-05-15,7351.63,7310.709
2018-05-16,7398.3,7302.1855
2018-05-17,7382.47,7301.044
2018-05-18,7354.34,7291.3213
2018-05-21,7394.04,7271.486
2018-05-22,7378.46,7267.8726
2018-05-23,7425.96,7262.3286
2018-05-24,7424.43,7275.623
2018-05-25,7433.85,7288.8965
2018-05-29,7396.59,7303.2676
2018-05-30,7462.45,7301.263
2018-05-31,7442.12,7319.088
2018-06-01,7554.33,7327.1343
2018-06-04,7606.46,7370.1294
2018-06-05,7637.86,7424.681
2018-06-06,7689.24,7478.1274
2018-06-07,7635.07,7533.7573
2018-06-08,7645.51,7553.3784
2018-06-11,7659.93,7561.484
2018-06-12,7703.79,7564.91
2018-06-13,7695.7,7577.881
2018-06-14,7761.04,7583.9985
2018-06-15,7746.38,7609.0073
2018-06-18,7747.03,7624.4824
2018-06-19,7725.589999999999,7634.385
2018-06-20,7781.51,7631.8525
2018-06-21,7712.95,7645.563
2018-06-22,7692.82,7633.2207
2018-06-25,7532.01,7612.6797
2018-06-26,7561.63,7539.1494
2018-06-27,7445.08,7485.5957
2018-06-28,7503.68,7408.1963
2018-06-29,7510.3,7370.7417
2018-07-02,7567.69,7355.511
2018-07-03,7502.67,7374.372
2018-07-05,7586.43,7377.3022
2018-07-06,7688.39,7410.0864
2018-07-09,7756.2,7475.166
2018-07-10,7759.2,7553.232
2018-07-11,7716.61,7614.223
2018-07-12,7823.92,7639.131
2018-07-13,7825.98,7682.964
2018-07-16,7805.719999999999,7712.677
2018-07-17,7855.12,7721.676
2018-07-18,7854.44,7737.707
2018-07-19,7825.3,7746.5615
2018-07-20,7820.2,7739.8647
2018-07-23,7841.87,7728.6914
2018-07-24,7840.77,7725.398
2018-07-25,7932.24,7723.301
2018-07-26,7852.18,7753.9795
2018-07-27,7737.42,7755.0674
2018-07-30,7630.0,7712.679
2018-07-31,7671.79,7635.175
2018-08-01,7707.29,7583.9785
2018-08-02,7802.69,7562.519
2018-08-03,7812.01,7588.9146
2018-08-06,7859.68,7625.2207
2018-08-07,7883.66,7675.398
2018-08-08,7888.33,7724.6943
2018-08-09,7891.78,7762.0903
2018-08-10,7839.11,7786.247
2018-08-13,7819.709999999999,7779.7466
2018-08-14,7870.89,7758.998
2018-08-15,7774.12,7754.8315
2018-08-16,7806.52,7719.149
2018-08-17,7816.33,7699.2007
2018-08-20,7821.01,7689.964
2018-08-21,7859.17,7688.5312
2018-08-22,7889.1,7704.199
2018-08-23,7878.46,7730.769
2018-08-24,7945.98,7750.0933
2018-08-27,8017.9,7786.75
2018-08-28,8030.04,7840.2056
2018-08-29,8109.69,7885.742
2018-08-30,8088.36,7943.9214
2018-08-31,8109.54,7978.242
2018-09-04,8091.25,8003.603
2018-09-05,7995.17,8009.529
2018-09-06,7922.73,7973.274
2018-09-07,7902.54,7910.5835
2018-09-10,7924.16,7849.3936
2018-09-11,7972.47,7811.1187
2018-09-12,7954.23,7806.014
2018-09-13,8013.71,7806.466
2018-09-14,8010.04,7833.4854
2018-09-17,7895.79,7859.565
2018-09-18,7956.11,7841.465
2018-09-19,7950.04,7841.0938
2018-09-20,8028.23,7838.844
2018-09-21,7986.96,7863.879
2018-09-24,7993.25,7872.756
2018-09-25,8007.470000000001,7879.755
2018-09-26,7990.37,7888.3096
2018-09-27,8041.97,7887.9873
2018-09-28,8046.35,7903.3115
2018-10-01,8037.3,7917.8027
2018-10-02,7999.55,7925.3374
2018-10-03,8025.090000000001,7916.0244
2018-10-04,7879.510000000001,7913.873
2018-10-05,7788.45,7861.763
2018-10-08,7735.949999999999,7783.286
2018-10-09,7738.02,7701.0674
2018-10-10,7422.05,7641.1284
2018-10-11,7329.06,7495.553
2018-10-12,7496.89,7347.744
2018-10-15,7430.74,7298.8
2018-10-16,7645.49,7264.597
2018-10-17,7642.7,7329.673
2018-10-18,7485.14,7402.9355
2018-10-19,7449.03,7413.416
2018-10-22,7468.63,7399.5273
2018-10-23,7437.54,7386.861
2018-10-24,7108.4,7363.1772
2018-10-25,7318.34,7229.2334
2018-10-26,7167.21,7183.4077
2018-10-29,7050.29,7109.6357
2018-10-30,7161.65,7018.012
2018-10-31,7305.9,6990.4976
2018-11-01,7434.06,7035.8203
2018-11-02,7356.99,7134.666
2018-11-05,7328.85,7198.156
2018-11-06,7375.96,7232.678
2018-11-07,7570.75,7265.1045
2018-11-08,7530.88,7349.687
2018-11-09,7406.9,7402.6465
2018-11-12,7200.87,7391.705
2018-11-13,7200.87,7295.9004
2018-11-14,7136.39,7203.283
2018-11-15,7259.029999999999,7107.4155
2018-11-16,7247.87,7080.1772
2018-11-19,7028.48,7073.025
2018-11-20,6908.82,7004.9004
2018-11-21,6972.25,6909.329
2018-11-23,6938.98,6857.0127
2018-11-26,7081.85,6816.836
2018-11-27,7082.7,6845.4556
2018-11-28,7291.59,6884.7144
2018-11-29,7273.08,6994.402
2018-11-30,7330.54,7083.3755
2018-12-03,7441.51,7167.0327
2018-12-04,7158.43,7261.107
2018-12-06,7188.26,7228.1665
2018-12-07,6969.25,7185.7065
2018-12-10,7020.52,7065.409
2018-12-11,7031.83,6976.6235
2018-12-12,7098.31,6917.649
2018-12-13,7070.329999999999,6907.52
2018-12-14,6910.66,6906.491
2018-12-17,6753.73,6860.4517
2018-12-18,6783.91,6769.3457
2018-12-19,6636.83,6705.3267
2018-12-20,6528.41,6612.833
2018-12-21,6332.99,6507.738
2018-12-24,6192.92,6365.161
2018-12-26,6554.36,6211.1655
2018-12-27,6579.49,6225.7925
2018-12-28,6584.5199999999995,6283.136
2018-12-31,6635.28,6351.8286
2019-01-02,6665.94,6430.892
2019-01-03,6463.5,6503.4077
2019-01-04,6738.86,6484.1587
2019-01-07,6823.47,6543.8735
2019-01-08,6897.0,6621.4287
2019-01-09,6957.08,6706.381
2019-01-10,6986.07,6788.5815
2019-01-11,6971.48,6854.3584
2019-01-14,6905.92,6889.0703
2019-01-15,7023.83,6879.71
2019-01-16,7034.69,6898.4136
2019-01-17,7084.46,6914.158
2019-01-18,7157.23,6940.759
2019-01-22,7020.36,6985.671
2019-01-23,7025.77,6973.8125
2019-01-24,7073.46,6956.1533
2019-01-25,7164.86,6953.9478
2019-01-28,7085.68,6984.5757
2019-01-29,7028.290000000001,6986.2056
2019-01-30,7183.08,6964.347
2019-01-31,7281.74,6995.835
2019-02-01,7263.87,7060.531
2019-02-04,7347.54,7109.9795
2019-02-05,7402.08,7173.3745
2019-02-06,7375.28,7238.2344
2019-02-07,7288.35,7273.9556
2019-02-08,7298.200000000001,7261.086
2019-02-11,7307.9,7240.674
2019-02-12,7414.62,7221.5376
2019-02-13,7420.38,7241.8857
2019-02-14,7426.95,7265.5146
2019-02-15,7472.41,7288.099
2019-02-19,7486.77,7320.6025
2019-02-20,7489.07,7350.335
2019-02-21,7459.71,7371.5337
2019-02-22,7527.540000000001,7373.49
2019-02-25,7554.46,7392.344
2019-02-26,7549.3,7415.5566
2019-02-27,7554.509999999999,7430.8716
2019-02-28,7532.53,7441.561
2019-03-01,7595.35,7439.2524
2019-03-04,7577.57,7455.3174
2019-03-05,7576.36,7462.546
2019-03-06,7505.92,7465.965
2019-03-07,7421.46,7442.576
2019-03-08,7408.14,7390.7393
2019-03-11,7558.06,7341.517
2019-03-12,7591.03,7356.625
2019-03-13,7643.41,7392.3115
2019-03-14,7630.91,7445.7876
2019-03-15,7688.53,7486.693
2019-03-18,7714.48,7534.8477
2019-03-19,7723.95,7577.776
2019-03-20,7728.97,7608.882
2019-03-21,7838.96,7627.7705
2019-03-22,7642.67,7673.392
2019-03-25,7637.54,7640.1895
2019-03-26,7691.52,7598.788
2019-03-27,7643.38,7579.88
2019-03-28,7669.17,7551.844
2019-03-29,7729.32,7540.5977
2019-04-01,7828.91,7557.492
2019-04-02,7848.69,7611.7744
2019-04-03,7895.55,7667.8354
2019-04-04,7891.78,7727.517
2019-04-05,7938.69,7769.2974
2019-04-08,7953.88,7810.005
2019-04-09,7909.28,7840.196
2019-04-10,7964.24,7841.09
2019-04-11,7947.36,7851.544
2019-04-12,7984.16,7850.7812
2019-04-15,7976.01,7859.3306
2019-04-16,8000.23,7862.855
2019-04-17,7996.08,7872.6514
2019-04-18,7998.06,7878.8755
2019-04-22,8015.27,7883.337
2019-04-23,8120.82,7891.659
2019-04-24,8102.01,7934.2134
2019-04-25,8118.68,7964.6
2019-04-26,8146.4,7991.3643
2019-04-29,8161.85,8018.0176
2019-04-30,8095.39,8040.536
2019-05-01,8049.64,8031.166
2019-05-02,8036.77,8000.6055
2019-05-03,8164.0,7966.756
2019-05-06,8123.29,7983.324
2019-05-07,7963.76,7990.603
2019-05-08,7943.32,7942.9214
2019-05-09,7910.59,7891.9307
2019-05-10,7916.94,7840.4814
2019-05-13,7647.02,7805.7554
2019-05-14,7734.49,7692.72
2019-05-15,7822.15,7630.3354
2019-05-16,7898.05,7623.9995
2019-05-17,7816.28,7662.367
2019-05-20,7702.38,7678.3525
2019-05-21,7785.72,7652.7246
2019-05-22,7750.84,7655.478
2019-05-23,7628.28,7648.1094
2019-05-24,7637.01,7599.7295
2019-05-28,7607.35,7559.979
2019-05-29,7547.31,7520.7456
2019-05-30,7567.720000000001,7473.144
2019-05-31,7453.15,7446.345
2019-06-03,7333.02,7393.4
2019-06-04,7527.12,7312.636
2019-06-05,7575.48,7317.409
2019-06-06,7615.550000000001,7354.7007
2019-06-07,7742.1,7409.375
2019-06-10,7823.17,7500.832
2019-06-11,7822.57,7603.5356
2019-06-12,7792.72,7680.2417
2019-06-13,7837.13,7717.809
2019-06-14,7796.66,7746.4688
2019-06-17,7845.02,7743.6763
2019-06-18,7953.88,7746.9653
2019-06-19,7987.32,7782.8228
2019-06-20,8051.34,7824.3667
2019-06-21,8031.71,7878.2417
2019-06-24,8005.700000000001,7912.0776
2019-06-25,7884.72,7922.621
2019-06-26,7909.97,7880.6094
2019-06-27,7967.76,7845.078
2019-06-28,8006.24,7835.5923
2019-07-01,8091.160000000001,7846.4805
2019-07-02,8109.09,7889.926
2019-07-03,8170.23,7936.132
2019-07-05,8161.79,7993.6406
2019-07-08,8098.38,8034.1353
2019-07-09,8141.73,8037.0757
2019-07-10,8202.53,8043.5864
2019-07-11,8196.04,8064.8896
2019-07-12,8244.14,8078.5215
2019-07-15,8258.19,8103.0063
2019-07-16,8222.8,8126.1978
2019-07-17,8185.21,8129.932
2019-07-18,8207.24,8114.8364
2019-07-19,8146.49,8105.6875
2019-07-22,8204.14,8077.081
2019-07-23,8251.4,8072.5884
2019-07-24,8321.5,8089.495
2019-07-25,8238.54,8131.881
2019-07-26,8330.21,8140.7866
2019-07-29,8293.33,8174.293
2019-07-30,8273.61,8187.892
2019-07-31,8175.42,8186.952
2019-08-01,8111.12,8147.325
2019-08-02,8004.07,8086.962
2019-08-05,7726.04,7999.5557
2019-08-06,7833.27,7834.47
2019-08-07,7862.83,7738.156
2019-08-08,8039.16,7691.153
2019-08-09,7959.14,7736.655
2019-08-12,7863.41,7769.739
2019-08-13,8016.36,7769.6743
2019-08-14,7773.94,7819.1235
2019-08-15,7766.620000000001,7778.807
2019-08-16,7895.99,7731.985
2019-08-19,8002.81,7735.8096
2019-08-20,7948.56,7783.2534
2019-08-21,8020.21,7810.5195
2019-08-22,7991.39,7854.937
2019-08-23,7751.77,7879.301
2019-08-26,7853.74,7809.8696
2019-08-27,7826.95,7774.41
2019-08-28,7856.88,7738.8276
2019-08-29,7973.39,7724.4067
2019-08-30,7962.88,7759.9053
2019-09-03,7874.16,7794.493
2019-09-04,7976.88,7793.2905
2019-09-05,8116.83,7821.8486
2019-09-06,8103.07,7893.4937
2019-09-09,8087.44,7948.7783
2019-09-10,8084.16,7981.546
2019-09-11,8169.68,7996.9775
2019-09-12,8194.47,8029.792
2019-09-13,8176.71,8061.0825
2019-09-16,8153.54,8075.5835
2019-09-17,8186.02,8072.863
2019-09-18,8177.39,8076.001
2019-09-19,8182.88,8073.714
2019-09-20,8117.67,8072.1357
2019-09-23,8112.46,8047.9185
2019-09-24,7993.63,8024.2324
2019-09-25,8077.38,7965.0034
2019-09-26,8030.66,7944.8633
2019-09-27,7939.630000000001,7920.767
2019-09-30,7999.34,7875.069
2019-10-01,7908.68,7861.027
2019-10-02,7785.25,7826.4414
2019-10-03,7872.26,7758.7305
2019-10-04,7982.47,7734.8413
2019-10-07,7956.29,7763.9487
2019-10-08,7823.78,7790.6406
2019-10-09,7903.74,7769.57
2019-10-10,7950.78,7774.474
2019-10-11,8057.04,7796.3237
2019-10-14,8048.65,7852.6836
2019-10-15,8148.71,7897.9546
2019-10-16,8124.18,7964.489
2019-10-17,8156.85,8006.0493
2019-10-18,8089.54,8041.122
2019-10-21,8162.99,8037.5537
2019-10-22,8104.3,8049.131
2019-10-23,8119.79,8034.9644
2019-10-24,8185.8,8023.787
2019-10-25,8243.12,8036.6963
2019-10-28,8325.99,8069.9277
2019-10-29,8276.85,8127.813
2019-10-30,8303.98,8158.5737
2019-10-31,8292.36,8185.729
2019-11-01,8386.4,8197.4
2019-11-04,8433.2,8232.561
2019-11-05,8434.68,8275.427
2019-11-06,8410.63,8307.684
2019-11-07,8434.52,8319.478
2019-11-08,8475.31,8329.774
2019-11-11,8464.28,8347.603
2019-11-12,8486.09,8356.035
2019-11-13,8482.1,8367.001
2019-11-14,8479.02,8372.532
2019-11-15,8540.83,8373.613
2019-11-18,8549.94,8393.878
2019-11-19,8570.66,8414.34
2019-11-20,8526.73,8436.859
2019-11-21,8506.21,8437.867
2019-11-22,8519.88,8426.637
2019-11-25,8632.489999999998,8418.674
2019-11-26,8647.929999999998,8450.729
2019-11-27,8705.18,8486.511
2019-11-29,8665.47,8535.082
2019-12-02,8567.99,8558.922
2019-12-03,8520.64,8537.229
2019-12-04,8566.67,8493.405
2019-12-05,8570.7,8468.826
2019-12-06,8656.53,8453.548
2019-12-09,8621.83,8475.329
2019-12-10,8616.18,8488.082
2019-12-11,8654.05,8497.12
2019-12-12,8717.32,8516.42
2019-12-13,8734.88,8553.648
2019-12-16,8814.23,8589.89
2019-12-17,8823.36,8643.449
2019-12-18,8827.73,8687.179
2019-12-19,8887.22,8717.356
2019-12-20,8924.96,8754.224
2019-12-23,8945.65,8791.464
2019-12-24,8952.88,8823.098
2019-12-26,9022.39,8844.9375
2019-12-27,9006.62,8880.189
2019-12-30,8945.99,8899.833
2019-12-31,8972.599999999999,8888.745
2020-01-02,9092.19,8881.523
2020-01-03,9020.77,8914.863
2020-01-06,9071.46,8920.777
2020-01-07,9068.58,8939.338
2020-01-08,9129.24,8952.437
2020-01-09,9203.43,8981.537
2020-01-10,9178.86,9030.11
2020-01-13,9273.93,9060.151
2020-01-14,9251.33,9111.131
2020-01-15,9258.7,9141.296
2020-01-16,9357.13,9160.448
2020-01-17,9388.94,9202.797
2020-01-21,9370.81,9245.455
2020-01-22,9383.77,9269.024
2020-01-23,9402.48,9285.026
2020-01-24,9314.91,9298.28
2020-01-27,9139.31,9274.272
2020-01-28,9269.68,9187.26
2020-01-29,9275.16,9154.599
2020-01-30,9298.93,9139.278
2020-01-31,9150.94,9143.825
2020-02-03,9273.4,9103.673
2020-02-04,9467.97,9112.236
2020-02-05,9508.68,9194.031
2020-02-06,9572.15,9284.345
2020-02-07,9520.51,9378.105
2020-02-10,9628.39,9428.376
2020-02-11,9638.94,9490.679
2020-02-12,9725.96,9534.425
2020-02-13,9711.97,9588.11
2020-02-14,9731.18,9618.584
2020-02-18,9732.74,9639.393
2020-02-19,9817.18,9648.497
2020-02-20,9750.96,9678.45
2020-02-21,9576.59,9678.045
2020-02-24,9221.28,9611.114
2020-02-25,8965.61,9424.553
2020-02-26,8980.77,9174.47
2020-02-27,8566.48,8981.612
2020-02-28,8567.37,8710.586
2020-03-02,8952.16,8513.139
2020-03-03,8684.089999999998,8526.307
2020-03-04,9018.09,8500.214
2020-03-05,8738.6,8615.588
2020-03-06,8575.62,8638.457
2020-03-09,7950.679999999999,8593.875
2020-03-10,8344.25,8329.868
2020-03-11,7952.05,8228.208
2020-03-12,7201.8,8037.117
2020-03-13,7874.88,7635.495
2020-03-16,6904.59,7543.2583
2020-03-17,7334.78,7198.565
2020-03-18,6989.84,7080.6675
2020-03-19,7150.58,6923.703
2020-03-20,6879.52,6884.79
2020-03-23,6860.67,6800.0913
2020-03-24,7417.86,6742.3076
2020-03-25,7384.3,6904.6
2020-03-26,7797.54,7059.036
2020-03-27,7502.38,7328.105
2020-03-30,7774.15,7443.3325
2020-03-31,7700.1,7591.715
2020-04-01,7360.58,7661.725
2020-04-02,7487.31,7569.472
2020-04-03,7373.08,7501.4937
2020-04-06,7913.24,7399.8213
2020-04-07,7887.26,7502.6694
2020-04-08,8090.9,7605.443
2020-04-09,8153.58,7763.9746
2020-04-13,8192.42,7913.4097
2020-04-14,8515.74,8033.1904
2020-04-15,8393.18,8219.54
2020-04-16,8532.36,8314.104
2020-04-17,8650.14,8407.492
2020-04-20,8560.73,8501.113
2020-04-21,8263.23,8527.744
2020-04-22,8495.38,8423.583
2020-04-23,8494.75,8393.618
2020-04-24,8634.52,8373.415
2020-04-27,8730.16,8411.021
2020-04-28,8607.73,8484.902
2020-04-29,8914.71,8507.877
2020-04-30,8889.55,8623.991
2020-05-01,8604.95,8712.692
2020-05-04,8710.71,8675.234
2020-05-05,8809.12,8656.443
2020-05-06,8854.39,8668.472
2020-05-07,8979.66,8695.432
2020-05-08,9121.32,8761.882
2020-05-11,9192.34,8867.063
2020-05-12,9002.55,8976.319
2020-05-13,8863.17,8990.674
2020-05-14,8943.72,8931.769
2020-05-15,9014.56,8893.078
2020-05-18,9234.83,8884.361
2020-05-19,9185.1,8958.837
2020-05-20,9375.78,9013.482
2020-05-21,9284.88,9120.877
2020-05-22,9324.59,9175.879
2020-05-26,9340.22,9219.827
2020-05-27,9412.36,9248.527
2020-05-28,9368.99,9285.849
2020-05-29,9489.87,9294.442
2020-06-01,9552.05,9334.286
2020-06-02,9608.37,9386.359
2020-06-03,9682.91,9445.083
2020-06-04,9615.81,9513.442
2020-06-05,9814.08,9539.421
2020-06-08,9924.739999999998,9616.421
2020-06-09,9953.75,9714.131
2020-06-10,10020.35,9797.615
2020-06-11,9492.73,9876.198
2020-06-12,9588.81,9744.092
2020-06-15,9726.02,9637.094
2020-06-16,9895.87,9596.047
2020-06-17,9910.53,9636.078
2020-06-18,9943.050000000001,9691.804
2020-06-19,9946.12,9755.014
2020-06-22,10056.47,9806.688
2020-06-23,10131.37,9880.122
2020-06-24,9909.17,9960.267
2020-06-25,10016.999999999998,9940.279
2020-06-26,9757.219999999998,9941.27
2020-06-29,9874.15,9846.438
2020-06-30,10058.77,9798.032
2020-07-01,10154.629999999997,9829.695
2020-07-02,10207.63,9903.639
2020-07-06,10433.65,9990.486
2020-07-07,10343.89,10138.285
2020-07-08,10492.5,10225.357
2020-07-09,10547.75,10328.432
2020-07-10,10617.44,10416.658
2020-07-13,10390.84,10495.52
2020-07-14,10488.58,10464.745
2020-07-15,10550.49,10448.946
2020-07-16,10473.83,10450.307
2020-07-17,10503.19,10424.485
2020-07-20,10767.09,10410.944
2020-07-21,10680.36,10493.6455
2020-07-22,10706.13,10542.161
2020-07-23,10461.42,10585.601
2020-07-24,10363.18,10529.366
2020-07-27,10536.27,10433.36
2020-07-28,10402.09,10408.87
2020-07-29,10542.94,10354.223
2020-07-30,10587.809999999998,10363.231
2020-07-31,10745.270000000002,10399.027
2020-08-03,10902.8,10490.493
2020-08-04,10941.17,10625.34
2020-08-05,10998.4,10747.386
2020-08-06,11108.07,10853.419
2020-08-07,11010.98,10959.787
2020-08-10,10968.359999999999,10995.403
2020-08-11,10782.82,10985.946
2020-08-12,11012.24,10895.727
2020-08-13,11042.5,10886.79
2020-08-14,11019.3,10898.375
2020-08-17,11129.73,10906.245
2020-08-18,11210.84,10952.759
2020-08-19,11146.46,11022.689
2020-08-20,11264.95,11057.394
2020-08-21,11311.8,11117.602
2020-08-24,11379.72,11178.074
2020-08-25,11466.47,11243.434
2020-08-26,11665.06,11318.625
2020-08-27,11625.34,11440.333
2020-08-28,11695.63,11519.69
2020-08-31,11775.46,11591.699
2020-09-01,11939.67,11662.918
2020-09-02,12056.44,11764.788
2020-09-03,11458.100000000002,11879.04
2020-09-04,11313.13,11752.628
2020-09-08,10847.69,11562.172
2020-09-09,11141.56,11233.374
2020-09-10,10919.59,11065.634
2020-09-11,10853.55,10893.779
2020-09-14,11056.65,10763.913
2020-09-15,11190.32,10762.717
2020-09-16,11050.47,10846.883
2020-09-17,10910.28,10892.801
2020-09-18,10793.28,10882.832
2020-09-21,10778.8,10825.605
2020-09-22,10963.64,10766.362
2020-09-23,10632.99,10783.243
2020-09-24,10672.27,10694.687
2020-09-25,10913.56,10630.615
2020-09-28,11117.52,10669.526
2020-09-29,11085.25,10790.305
2020-09-30,11167.51,10890.181
2020-10-01,11326.51,10993.71
2020-10-02,11075.02,11122.15
2020-10-05,11332.49,11127.944
2020-10-06,11154.6,11194.163
2020-10-07,11364.600000000002,11178.572
2020-10-08,11420.98,11221.665
2020-10-09,11579.94,11275.271
2020-10-12,11876.26,11370.846
2020-10-13,11863.9,11549.304
2020-10-14,11768.73,11688.948
2020-10-15,11713.87,11750.343
2020-10-16,11671.56,11753.502
2020-10-19,11478.88,11718.049
2020-10-20,11516.49,11607.641
2020-10-21,11484.69,11520.159
2020-10-22,11506.01,11444.586
2020-10-23,11548.28,11402.04
2020-10-26,11358.94,11396.918
2020-10-27,11431.35,11341.034
2020-10-28,11004.87,11323.037
2020-10-29,11185.59,11169.777
2020-10-30,10911.59,11101.085
2020-11-02,10957.61,10967.93
2020-11-03,11160.57,10883.405
2020-11-04,11590.78,10904.56
2020-11-05,11890.93,11096.882
2020-11-06,11895.23,11383.372
2020-11-09,11713.78,11622.381
2020-11-10,11553.86,11727.354
2020-11-11,11786.43,11712.456
2020-11-12,11709.59,11740.438
2020-11-13,11829.29,11722.918
2020-11-16,11924.13,11737.107
2020-11-17,11899.34,11780.044
2020-11-18,11801.6,11807.131
2020-11-19,11904.71,11790.585
2020-11-20,11854.97,11804.648
2020-11-23,11881.17,11799.373
2020-11-24,12037.33,11801.443
2020-11-25,12094.4,11857.27
2020-11-27,12205.850000000002,11927.233
2020-11-30,12198.74,12021.522
2020-12-01,12355.11,12091.497
2020-12-02,12349.37,12190.538
2020-12-03,12377.18,12260.314
2020-12-04,12464.23,12311.602
2020-12-07,12519.95,12369.158
2020-12-08,12582.77,12425.103
2020-12-09,12338.95,12482.785
2020-12-10,12405.81,12436.07
2020-12-11,12377.87,12402.728
2020-12-14,12440.04,12362.73
2020-12-15,12595.06,12352.488
2020-12-16,12658.19,12404.461
2020-12-17,12764.75,12478.237
2020-12-18,12755.64,12577.284
2020-12-21,12742.52,12651.8125
2020-12-22,12807.92,12696.0
2020-12-23,12771.11,12740.247
2020-12-24,12804.73,12753.135
2020-12-28,12899.42,12763.926
2020-12-29,12850.22,12799.179
2020-12-30,12870.0,12809.151
2020-12-31,12888.28,12818.127
2021-01-04,12698.45,12828.225
2021-01-05,12818.96,12768.248
2021-01-06,12740.79,12753.099
2021-01-07,13067.48,12719.124
2021-01-08,13201.98,12806.942
2021-01-11,13036.43,12940.04
2021-01-12,13072.43,12994.256
2021-01-13,13128.95,13034.099
2021-01-14,13112.64,13072.859
2021-01-15,12998.5,13089.124
2021-01-19,13197.18,13052.948
2021-01-20,13457.25,13082.005
2021-01-21,13530.91,13200.181
2021-01-22,13543.06,13329.313
2021-01-25,13635.99,13433.002
2021-01-26,13626.06,13534.098
2021-01-27,13270.6,13597.036
2021-01-28,13337.16,13505.546
2021-01-29,13070.69,13426.326
2021-02-01,13403.39,13265.45
2021-02-02,13612.78,13247.576
2021-02-03,13610.54,13331.111
2021-02-04,13777.74,13420.176
2021-02-05,13856.300000000001,13554.198
2021-02-08,13987.64,13688.979
2021-02-09,14007.7,13832.352
2021-02-10,13972.53,13940.185
2021-02-11,14025.77,13993.31
2021-02-12,14095.469999999998,14030.882
2021-02-16,14047.5,14068.861
2021-02-17,13965.489999999998,14072.274
2021-02-18,13865.36,14035.307
2021-02-19,13874.46,13961.477
2021-02-22,13533.05,13900.433
2021-02-23,13465.2,13737.537
2021-02-24,13597.97,13579.848
2021-02-25,13119.43,13511.432
2021-02-26,13192.35,13316.582
2021-03-01,13588.83,13190.085
2021-03-02,13358.79,13250.916
2021-03-03,12997.75,13259.524
2021-03-04,12723.47,13148.672
2021-03-05,12920.15,12955.462
2021-03-08,12609.16,12865.298
2021-03-09,13073.82,12708.561
2021-03-10,13068.83,12755.114
2021-03-11,13398.67,12828.8
2021-03-12,13319.86,13018.6045
2021-03-15,13459.71,13157.264
2021-03-16,13471.569999999998,13303.179
2021-03-17,13525.2,13408.1875
2021-03-18,13116.17,13488.018
2021-03-19,13215.24,13388.663
2021-03-22,13377.54,13309.08
2021-03-23,13227.7,13295.943
2021-03-24,12961.889999999998,13243.336
2021-03-25,12977.68,13110.061
2021-03-26,13138.72,13005.382
2021-03-29,13059.65,12989.425
2021-03-30,13045.39,12971.614
2021-03-31,13246.87,12963.642
2021-04-01,13480.11,13035.043
2021-04-05,13705.59,13185.546
2021-04-06,13698.38,13392.374
2021-04-07,13688.84,13553.3
2021-04-08,13829.31,13657.222
2021-04-09,13900.19,13761.146
2021-04-12,13850.0,13848.313
2021-04-13,13996.1,13881.421
2021-04-14,13857.84,13937.705
2021-04-15,14038.76,13925.114
2021-04-16,14052.34,13962.064
2021-04-19,13914.77,13995.4375
2021-04-20,13786.27,13970.605
2021-04-21,13950.22,13895.8545
2021-04-22,13818.41,13885.388
2021-04-23,14016.81,13840.134
2021-04-26,14138.78,13873.922
2021-04-27,14090.22,13955.509
2021-04-28,14051.03,14011.658
2021-04-29,14082.55,14037.738
2021-04-30,13962.68,14059.96
2021-05-03,13895.12,14029.379
2021-05-04,13633.5,13971.213
2021-05-05,13582.42,13828.63
2021-05-06,13632.84,13690.208
2021-05-07,13752.24,13605.425
2021-05-10,13401.86,13598.898
2021-05-11,13389.43,13495.325
2021-05-12,13031.68,13409.297
2021-05-13,13124.99,13226.606
2021-05-14,13379.05,13114.212
2021-05-17,13379.05,13134.628
2021-05-18,13303.64,13183.142
2021-05-19,13299.74,13211.618
2021-05-20,13535.74,13234.602
2021-05-21,13470.99,13332.986
2021-05-24,13661.17,13394.378
2021-05-25,13657.17,13500.244
2021-05-26,13738.0,13579.383
2021-05-27,13736.28,13657.847
2021-05-28,13748.739999999998,13708.066
2021-06-01,13736.48,13738.1455
2021-06-02,13756.33,13745.5
2021-06-03,13614.510000000002,13747.932
2021-06-04,13814.49,13694.792
2021-06-07,13881.72,13713.14
2021-06-08,13924.91,13758.806
2021-06-09,13911.75,13815.07
2021-06-10,14020.33,13855.389
2021-06-11,14069.42,13919.37
2021-06-14,14174.14,13984.336
2021-06-15,14072.86,14066.257
2021-06-16,14039.68,14090.553
2021-06-17,14161.35,14083.551
2021-06-18,14030.38,14108.524
2021-06-21,14141.48,14081.452
2021-06-22,14253.27,14090.302
2021-06-23,14271.73,14138.515
2021-06-24,14369.71,14187.77
2021-06-25,14360.39,14259.613
2021-06-28,14500.51,14311.8125
2021-06-29,14528.329999999998,14393.84
2021-06-30,14503.95,14464.499
2021-07-01,14522.380000000001,14502.978
2021-07-02,14639.33,14527.21
2021-07-06,14663.64,14577.026
2021-07-07,14665.06,14621.403
2021-07-08,14559.779999999999,14651.235
2021-07-09,14701.92,14630.965
2021-07-12,14733.24,14653.401
2021-07-13,14677.65,14683.371
2021-07-14,14644.95,14687.461
2021-07-15,14543.13,14674.268
2021-07-16,14427.24,14624.093
2021-07-19,14274.98,14538.965
2021-07-20,14498.88,14416.049
2021-07-21,14631.95,14397.41
2021-07-22,14684.6,14449.51
2021-07-23,14836.99,14527.2295
2021-07-26,14840.71,14649.068
2021-07-27,14660.58,14749.6455
2021-07-28,14762.58,14757.024
2021-07-29,14778.26,14776.57
2021-07-30,14672.68,14788.669
2021-08-02,14681.07,14755.092
2021-08-03,14761.29,14722.526
2021-08-04,14780.530000000002,14723.177
2021-08-05,14895.12,14735.6455
2021-08-06,14835.76,14788.894
2021-08-09,14860.18,14815.721
2021-08-10,14788.09,14841.079
2021-08-11,14765.14,14832.279
2021-08-12,14816.26,14810.041
2021-08-13,14822.9,14806.094
2021-08-16,14793.76,14806.965
2021-08-17,14656.18,14798.984
2021-08-18,14525.91,14744.46
2021-08-19,14541.79,14651.256
2021-08-20,14714.66,14580.64
2021-08-23,14942.65,14592.938
2021-08-24,15019.8,14699.543
2021-08-25,15041.86,14828.08
2021-08-26,14945.81,14940.138
2021-08-27,15129.5,14985.893
2021-08-30,15265.89,15066.424
2021-08-31,15259.24,15169.4
2021-09-01,15309.38,15241.377
2021-09-02,15331.18,15301.686
2021-09-03,15363.52,15344.382
2021-09-07,15374.33,15377.495
2021-09-08,15286.64,15398.065
2021-09-09,15248.25,15375.923
2021-09-10,15115.49,15335.372
2021-09-13,15105.58,15252.403
2021-09-14,15037.76,15179.3545
2021-09-15,15161.53,15103.229
2021-09-16,15181.92,15093.133
2021-09-17,15043.97,15108.109
2021-09-20,14713.9,15082.502
2021-09-21,14746.4,14946.754
2021-09-22,14896.85,14840.227
2021-09-23,15052.24,14816.642
2021-09-24,15047.7,14872.16
2021-09-27,14969.97,14933.795
2021-09-28,14546.68,14961.013
2021-09-29,14512.44,14829.89
2021-09-30,14448.58,14692.503
2021-10-01,14566.7,14560.7
2021-10-04,14255.480000000001,14507.107
2021-10-05,14433.83,14378.63
2021-10-06,14501.909999999998,14344.395
2021-10-07,14654.02,14363.368
2021-10-08,14579.54,14449.452
2021-10-11,14486.2,14506.091
2021-10-12,14465.92,14515.6045
2021-10-13,14571.64,14505.68
2021-10-14,14823.43,14527.049
2021-10-15,14897.34,14632.009
2021-10-18,15021.81,14748.557
2021-10-19,15129.09,14881.154
2021-10-20,15121.68,15015.608
2021-10-21,15215.7,15106.688
2021-10-22,15090.2,15191.329
2021-10-25,15226.710000000001,15198.67
2021-10-26,15235.71,15230.067
2021-10-27,15235.84,15250.463
2021-10-28,15448.12,15259.569
2021-10-29,15498.390000000001,15334.526
2021-11-01,15595.92,15415.205
2021-11-02,15649.6,15509.791
2021-11-03,15811.579999999998,15597.89
2021-11-04,15940.31,15713.905
2021-11-05,15971.59,15842.818
2021-11-08,15982.36,15945.442
2021-11-09,15886.54,16013.906
2021-11-10,15622.71,16016.624
2021-11-11,15704.28,15907.046
2021-11-12,15860.96,15827.346
2021-11-15,15853.85,15820.214
2021-11-16,15973.86,15825.906
2021-11-17,15921.57,15879.961
2021-11-18,15993.71,15913.186
2021-11-19,16057.440000000002,15962.359
2021-11-22,15854.76,16022.038
2021-11-23,15775.14,15996.0205
2021-11-24,15845.23,15932.945
2021-11-26,15491.66,15898.829
2021-11-29,15782.83,15752.569
2021-11-30,15537.69,15729.6455
2021-12-01,15254.05,15646.608
2021-12-02,15381.32,15485.882
2021-12-03,15085.469999999998,15402.446
2021-12-06,15225.15,15253.2
2021-12-07,15686.92,15190.938
2021-12-08,15786.99,15325.718
2021-12-09,15517.37,15503.272
2021-12-10,15630.600000000002,15561.418
2021-12-13,15413.28,15626.516
2021-12-14,15237.64,15590.62
2021-12-15,15565.58,15479.904
2021-12-16,15180.43,15491.21
2021-12-17,15169.68,15380.521
2021-12-20,14980.94,15280.891
2021-12-21,15341.09,15142.191
2021-12-22,15521.89,15162.887
2021-12-23,15653.37,15271.776
2021-12-27,15871.26,15424.598
2021-12-28,15781.72,15627.678
2021-12-29,15766.22,15755.27
2021-12-30,15741.56,15827.2705
2021-12-31,15644.97,15850.46
2022-01-03,15832.8,15813.474
2022-01-04,15622.72,15831.22
2022-01-05,15100.17,15772.6875
2022-01-06,15080.86,15534.775
2022-01-07,14935.9,15320.217
2022-01-10,14942.83,15110.99
2022-01-11,15153.45,14968.148
2022-01-12,15188.389999999998,14959.499
2022-01-13,14806.81,15003.59
2022-01-14,14893.75,14929.635
2022-01-18,14506.9,14896.181
2022-01-19,14340.26,14743.188
2022-01-20,14154.02,14556.504
2022-01-21,13768.92,14347.85
2022-01-24,13855.13,14060.817
2022-01-25,13539.29,13875.398
2022-01-26,13542.12,13655.823
2022-01-27,13352.78,13509.069
2022-01-28,13770.57,13363.025
2022-01-31,14239.88,13419.631
2022-02-01,14346.0,13672.827
2022-02-02,14417.55,13948.219
2022-02-03,13878.82,14192.545
2022-02-04,14098.01,14176.906
2022-02-07,14015.67,14184.09
2022-02-08,14194.45,14139.329
2022-02-09,14490.37,14149.129
2022-02-10,14185.639999999998,14261.101
2022-02-11,13791.15,14254.961
2022-02-14,13790.920000000002,14096.778
2022-02-15,14139.76,13948.233
2022-02-16,14124.09,13953.995
2022-02-17,13716.72,13981.549
2022-02-18,13548.069999999998,13876.209
2022-02-22,13381.52,13724.143
2022-02-23,13037.49,13543.968
2022-02-24,13473.58,13288.275
2022-02-25,13694.62,13245.182
2022-02-28,13751.4,13333.468
2022-03-01,13532.46,13461.131
2022-03-02,13752.02,13501.597
2022-03-03,13537.939999999999,13598.28
2022-03-04,13313.44,13598.962
2022-03-07,12830.96,13502.8
2022-03-08,12795.55,13239.442
2022-03-09,13255.55,12997.718
2022-03-10,13129.96,12978.39
2022-03-11,12843.810000000001,12966.914
2022-03-14,12581.22,12882.009
2022-03-15,12948.62,12727.297
2022-03-16,13436.55,12732.795
2022-03-17,13614.78,12935.847
2022-03-18,13893.84,13193.229
2022-03-21,13838.46,13500.946
2022-03-22,14108.820000000002,13715.945
2022-03-23,13922.599999999999,13942.889
2022-03-24,14191.84,14027.158
2022-03-25,14169.3,14140.696
2022-03-28,14354.9,14198.883
2022-03-29,14619.64,14283.981
2022-03-30,14442.27,14430.669
2022-03-31,14220.52,14480.235
2022-04-01,14261.5,14418.858
2022-04-04,14532.55,14358.483
2022-04-05,14204.17,14397.742
2022-04-06,13888.82,14326.561
2022-04-07,13897.3,14150.461
2022-04-08,13711.0,14003.375
2022-04-11,13411.96,13833.348
2022-04-12,13371.57,13607.419
2022-04-13,13643.59,13426.287
2022-04-14,13351.08,13404.198
2022-04-18,13332.36,13327.824
2022-04-19,13619.66,13275.801
2022-04-20,13453.07,13349.948
2022-04-21,13174.65,13375.716
2022-04-22,12839.29,13299.679
2022-04-25,13004.849999999999,13109.931
2022-04-26,12490.74,13004.124
2022-04-27,12488.93,12758.506
2022-04-28,12871.53,12562.655
2022-04-29,12334.64,12564.01
2022-05-02,12536.02,12425.33
2022-05-03,12563.76,12390.825
2022-05-04,12964.86,12397.833
2022-05-05,12317.69,12560.924
2022-05-06,12144.66,12490.894
2022-05-09,11623.25,12348.44
2022-05-10,11737.67,12039.141
2022-05-11,11364.24,11818.232
2022-05-12,11370.96,11538.528
2022-05-13,11805.0,11339.8545
2022-05-16,11662.79,11372.522
2022-05-17,11984.52,11407.896
2022-05-18,11418.15,11572.394
2022-05-19,11388.5,11530.009
2022-05-20,11354.62,11461.374
2022-05-23,11535.27,11384.021
2022-05-24,11264.45,11383.878
2022-05-25,11434.74,11303.188
2022-05-26,11740.65,11295.196
2022-05-27,12131.13,11407.759
2022-05-31,12081.39,11652.463
2022-06-01,11994.46,11845.162
2022-06-02,12316.9,11951.172
2022-06-03,12012.73,12115.655
2022-06-06,12061.37,12125.017
2022-06-07,12175.23,12112.362
2022-06-08,12086.27,12121.747
2022-06-09,11754.23,12092.248
2022-06-10,11340.02,11945.506
2022-06-13,10809.23,11670.515
2022-06-14,10828.35,11257.504
2022-06-15,11099.15,10936.694
2022-06-16,10646.1,10817.393
2022-06-17,10798.35,10630.665
2022-06-21,11069.3,10566.679
2022-06-22,11053.08,10652.268
2022-06-23,11232.19,10755.69
2022-06-24,11607.62,10914.399
2022-06-27,11524.55,11175.656
2022-06-28,11181.54,11356.214
2022-06-29,11177.89,11352.818
2022-06-30,11028.74,11301.909
2022-07-01,11127.85,11182.954
2022-07-05,11322.24,11106.441
2022-07-06,11361.85,11119.192
2022-07-07,11621.35,11161.581
2022-07-08,11635.31,11296.226
2022-07-11,11372.6,11420.509
2022-07-12,11264.73,11422.761
2022-07-13,11247.58,11361.77
2022-07-14,11251.19,11288.3955
2022-07-15,11452.42,11225.497
2022-07-18,11360.05,11249.111
2022-07-19,11713.15,11251.943
2022-07-20,11897.65,11380.016
2022-07-21,12059.61,11561.186
2022-07-22,11834.11,11764.792
2022-07-25,11782.67,11839.14
2022-07-26,11562.57,11846.58
2022-07-27,12032.42,11747.728
2022-07-28,12162.59,11806.852
2022-07-29,12390.689999999999,11912.167
2022-08-01,12368.980000000001,12081.452
2022-08-02,12348.76,12210.856
2022-08-03,12668.16,12290.878
2022-08-04,12720.58,12443.217
2022-08-05,12657.55,12574.536
2022-08-08,12644.46,12639.661
2022-08-09,12493.929999999998,12662.029
2022-08-10,12854.8,12606.673
2022-08-11,12779.91,12668.213
2022-08-12,13047.19,12699.097
2022-08-15,13128.05,12811.952
2022-08-16,13102.55,12934.674
2022-08-17,12938.12,13018.365
2022-08-18,12965.34,13012.306
2022-08-19,12705.22,12994.062
2022-08-22,12381.57,12877.96
2022-08-23,12381.3,12658.457
2022-08-24,12431.53,12474.482
2022-08-25,12639.27,12361.591
2022-08-26,12141.71,12372.616
2022-08-29,12017.67,12243.619
2022-08-30,11883.14,12097.875
2022-08-31,11816.2,11943.41
2022-09-01,11785.13,11810.837
2022-09-02,11630.86,11714.663
2022-09-06,11544.91,11607.649
2022-09-07,11791.9,11509.199
2022-09-08,11862.13,11533.214
2022-09-09,12112.31,11605.115
2022-09-12,12266.41,11765.49
2022-09-13,11633.57,11958.497
2022-09-14,11719.68,11889.459
2022-09-15,11552.36,11819.679
2022-09-16,11448.4,11690.758
2022-09-19,11535.02,11543.329
2022-09-20,11425.05,11459.633
2022-09-21,11220.19,11374.489
2022-09-22,11066.81,11250.635
2022-09-23,10867.93,11107.928
2022-09-26,10802.92,10936.834
2022-09-27,10829.5,10791.0625
2022-09-28,11051.64,10705.898
2022-09-29,10737.51,10742.669
2022-09-30,10575.62,10695.479
2022-10-03,10815.430000000002,10604.556
2022-10-04,11176.41,10615.425
2022-10-05,11148.64,10767.244
2022-10-06,11073.31,10901.352
2022-10-07,10652.4,10979.033
2022-10-10,10542.1,10877.217
2022-10-11,10426.19,10723.943
2022-10-12,10417.100000000002,10548.046
2022-10-13,10649.150000000001,10407.369
2022-10-14,10321.39,10394.092
2022-10-17,10675.8,10303.071
2022-10-18,10772.400000000001,10361.23
2022-10-19,10680.51,10468.26
2022-10-20,10614.84,10535.168
2022-10-21,10859.72,10559.344
2022-10-24,10952.61,10650.645
2022-10-25,11199.12,10755.04
2022-10-26,10970.99,10917.6875
2022-10-27,10792.67,10963.923
2022-10-28,11102.45,10911.749
2022-10-31,10988.15,10950.835
2022-11-01,10890.85,10943.882
2022-11-02,10524.8,10897.149
2022-11-03,10342.94,10725.852
2022-11-04,10475.25,10512.963
2022-11-07,10564.52,10391.663
2022-11-08,10616.2,10353.267
2022-11-09,10353.17,10371.458
2022-11-10,11114.15,10318.247
2022-11-11,11323.33,10541.213
2022-11-14,11196.22,10826.704
2022-11-15,11358.41,11016.229
2022-11-16,11183.66,11194.007
2022-11-17,11144.96,11245.924
2022-11-18,11146.06,11232.869
2022-11-21,11024.51,11192.777
2022-11-22,11174.41,11102.721
2022-11-23,11285.32,11073.257
2022-11-25,11226.36,11097.449
2022-11-28,11049.499999999998,11108.71
2022-11-29,10983.78,11058.882
2022-11-30,11468.0,10990.202
2022-12-01,11482.45,11102.491
2022-12-02,11461.500000000002,11221.559
2022-12-05,11239.94,11312.497
2022-12-06,11014.89,11297.5625
2022-12-07,10958.550000000001,11184.191
2022-12-08,11082.0,11053.905
2022-12-09,11004.62,10990.243
2022-12-12,11143.74,10928.459
2022-12-13,11256.81,10939.848
2022-12-14,11170.89,11006.87
2022-12-15,10810.53,11044.413
2022-12-16,10705.41,10947.454
2022-12-19,10546.03,10815.279
2022-12-20,10547.11,10649.584
2022-12-21,10709.37,10521.763
2022-12-22,10476.12,10494.635
2022-12-23,10497.86,10421.382
2022-12-27,10353.23,10381.103
2022-12-28,10213.29,10313.07
2022-12-29,10478.09,10216.803
2022-12-30,10466.48,10236.863
2023-01-03,10386.98,10271.281
2023-01-04,10458.76,10281.548
2023-01-05,10305.24,10314.117
2023-01-06,10569.29,10288.234
2023-01-09,10635.65,10350.634
2023-01-10,10742.63,10431.064
2023-01-11,10931.67,10532.927
2023-01-12,11001.1,10676.192
2023-01-13,11079.16,10809.675
2023-01-17,11095.11,10928.969
2023-01-18,10957.01,11011.361
2023-01-19,10852.27,11007.52
2023-01-20,11140.43,10942.323
2023-01-23,11364.41,10971.983
2023-01-24,11334.27,11080.21
2023-01-25,11313.36,11165.576
2023-01-26,11512.41,11220.164
2023-01-27,11621.71,11320.163
2023-01-30,11393.81,11432.899
2023-01-31,11584.55,11435.182
2023-02-01,11816.32,11478.678
2023-02-02,12200.82,11586.988
2023-02-03,12006.950000000003,11807.194
2023-02-06,11887.45,11919.752
2023-02-07,12113.79,11941.551
2023-02-08,11910.52,12007.221
2023-02-09,11789.58,11978.335
2023-02-10,11718.12,11893.023
2023-02-13,11891.79,11787.133
2023-02-14,11960.15,11761.363
2023-02-15,12070.59,11780.564
2023-02-16,11855.829999999998,11848.401
2023-02-17,11787.27,11838.3955
2023-02-21,11492.3,11797.865
2023-02-22,11507.07,11656.687
2023-02-23,11590.4,11538.476
2023-02-24,11394.94,11481.476
2023-02-27,11466.98,11387.404
2023-02-28,11455.54,11346.54
2023-03-01,11379.48,11327.296
2023-03-02,11462.98,11298.918
2023-03-03,11689.01,11311.889
2023-03-06,11675.74,11410.438
2023-03-07,11530.33,11497.265
2023-03-08,11576.0,11513.141
2023-03-09,11338.35,11525.959
2023-03-10,11138.89,11444.912
2023-03-13,11188.84,11295.656
2023-03-14,11428.15,11185.6045
2023-03-15,11434.05,11192.62
2023-03-16,11717.28,11226.697
2023-03-17,11630.51,11366.749
2023-03-20,11675.54,11464.224
2023-03-21,11860.11,11549.583
2023-03-22,11669.96,11669.33
2023-03-23,11787.4,11690.301
2023-03-24,11823.96,11723.811
2023-03-27,11768.84,11752.046
2023-03-28,11716.08,11747.032
2023-03-29,11926.24,11715.074
2023-03-30,12013.469999999998,11755.673
2023-03-31,12221.91,11825.511
2023-04-03,12189.45,11956.881
2023-04-04,12126.33,12053.448
2023-04-05,11996.86,12096.305
2023-04-06,12087.96,12066.881
2023-04-10,12084.35,12055.435
2023-04-11,12031.88,12040.211
2023-04-12,11929.34,12007.89
2023-04-13,12166.27,11944.892
2023-04-14,12123.47,11975.454
2023-04-17,12157.720000000001,11999.3125
2023-04-18,12153.41,12033.722
2023-04-19,12157.23,12060.798
2023-04-20,12059.56,12080.849
2023-04-21,12072.46,12058.84
2023-04-24,12037.2,12037.822
2023-04-25,11799.16,12006.931
2023-04-26,11854.35,11899.205
2023-04-27,12142.24,11826.324
2023-04-28,12226.58,11877.377
2023-05-01,12212.6,11970.434
2023-05-02,12080.51,12051.024
2023-05-03,12025.33,12066.3545
2023-05-04,11966.400000000001,12044.962
2023-05-05,12235.41,11995.686
2023-05-08,12256.92,12042.906
2023-05-09,12179.55,12098.947
2023-05-10,12306.44,12119.01
2023-05-11,12328.51,12172.058
2023-05-12,12284.74,12220.937
2023-05-15,12365.21,12239.703
2023-05-16,12343.05,12273.441
2023-05-17,12500.57,12288.676
2023-05-18,12688.84,12349.103
2023-05-19,12657.9,12463.463
2023-05-22,12720.78,12545.48
2023-05-23,12560.25,12621.28
2023-05-24,12484.16,12614.027
2023-05-25,12698.09,12561.625
2023-05-26,12975.69,12580.668
2023-05-30,13017.43,12697.712
2023-05-31,12935.290000000003,12817.042
2023-06-01,13100.98,12880.365
2023-06-02,13240.77,12972.043
2023-06-05,13229.43,13084.605
2023-06-06,13276.42,13161.505
2023-06-07,13104.89,13222.757
2023-06-08,13238.52,13197.2295
2023-06-09,13259.14,13202.658
2023-06-12,13461.92,13210.083
2023-06-13,13573.32,13284.269
2023-06-14,13626.48,13387.741
2023-06-15,13782.82,13488.773
2023-06-16,13689.57,13615.728
2023-06-20,13667.29,13676.304
2023-06-21,13502.2,13696.541
2023-06-22,13630.61,13637.43
2023-06-23,13492.52,13616.8125
2023-06-26,13335.78,13552.698
2023-06-27,13555.67,13443.877
2023-06-28,13591.75,13432.317
2023-06-29,13591.33,13453.719
2023-06-30,13787.92,13483.118
2023-07-03,13816.77,13579.91
2023-07-05,13791.65,13674.469
2023-07-06,13679.04,13736.972
2023-07-07,13660.72,13735.433
2023-07-10,13685.48,13710.819
2023-07-11,13760.7,13689.752
2023-07-12,13918.96,13696.589
2023-07-13,14138.570000000002,13760.35
2023-07-14,14113.7,13894.424
2023-07-17,14244.95,13998.562
2023-07-18,14353.64,14116.649
2023-07-19,14358.02,14237.685
2023-07-20,14063.310000000001,14322.278
2023-07-21,14032.81,14268.36
2023-07-24,14058.87,14185.252
2023-07-25,14144.56,14115.777
2023-07-26,14127.28,14092.076
2023-07-27,14050.11,14077.875
2023-07-28,14316.66,14047.2705
2023-07-31,14346.02,14118.451
2023-08-01,14283.91,14199.911
2023-08-02,13973.45,14245.469
2023-08-03,13959.72,14165.248
2023-08-04,13909.24,14076.052
2023-08-07,13994.4,13983.313
2023-08-08,13884.32,13943.145
2023-08-09,13722.02,13887.09
2023-08-10,13737.99,13793.624
2023-08-11,13644.85,13728.551
2023-08-14,13788.33,13656.192
2023-08-15,13631.05,13657.873
2023-08-16,13474.63,13622.156
